"","GEOID","county","hhincome","pct_pov","review_count","avg_rating","race.tot","avg_price","pct_white","hhincome_log","review_count_log","pct_pov_log","yelp_n"
"1","13063040202","Clayton County",33276,0.201342281879195,57,"2",2850,"1",0.0750877192982456,10.4128921671467,4.06044301054642,-1.55427627083253,1
"2","13063040308","Clayton County",28422,0.210718002081165,13,"3",4262,"1",0.260675739089629,10.2552705503944,1.97562185929071,-1.51086940093917,2
"3","13063040407","Clayton County",49271,0.108255066732575,29.3333333333333,"2",4046,"1",0.205140879881364,10.8052938902093,3.32083696432853,-2.13491140489526,3
"4","13063040408","Clayton County",44551,0.180956611876203,20,"4",8489,"1",0.168688891506656,10.7046143160011,3.04452243772342,-1.65570903969273,1
"5","13063040410","Clayton County",49719,0.114680191603269,41,"1",7166,"1",0.193692436505721,10.8143435429202,3.73766961828337,-2.08200328732393,1
"6","13063040411","Clayton County",57924,0.0906894208260968,18,"2",13311,"1",0.165126587033281,10.967059710559,2.94443897916644,-2.29571454112104,1
"7","13063040412","Clayton County",46530,0.176958407757081,72,"3",7920,"1",0.143813131313131,10.7480674368563,3.96178357300006,-1.67686910527753,3
"8","13063040414","Clayton County",40313,0.263539651837524,31,"2",2068,"1",0.300290135396518,10.6046773047393,3.46524738297581,-1.29630868833233,2
"9","13063040417","Clayton County",40231,0.263494809688581,17,"2",5850,"1",0.107008547008547,10.6026416553595,2.89037175789616,-1.29647263467282,1
"10","13063040510","Clayton County",49265,0.297548387096774,5,"4",3892,"1",0.0300616649537513,10.8051721320209,1.79175946922805,-1.17912284770251,1
"11","13063040512","Clayton County",41016,0.158646888567294,36,"2",5552,"1",0.0662824207492795,10.6219612910421,3.30602051741655,-1.77994816669718,2
"12","13063040513","Clayton County",63980,0.141615986099044,14,"2",4604,"1",0.119026933101651,11.0664821001335,2.70805020110221,-1.8864043621311,1
"13","13063040523","Clayton County",41688,0.163203753351206,4,"2",2984,"1",0.110924932975871,10.638208445006,1.6094379124341,-1.75328661246963,1
"14","13063040526","Clayton County",54334,0.216541566350375,19,"2",7061,"1",0.100552329698343,10.9030894908711,2.99573227355399,-1.48482683500033,1
"15","13063040606","Clayton County",45800,0.0978950885399265,18,"1",3894,"1",0.453775038520801,10.7322576868808,2.94443897916644,-2.22659592638309,1
"16","13063040608","Clayton County",68047,0.112143928035982,55,"1",13393,"1",0.121929366086762,11.1281008683294,4.02535169073515,-2.10255519159307,1
"17","13063040609","Clayton County",58750,0.0633592349073521,34,"2",6698,"1",0.178262167811287,10.9812166302878,3.55534806148941,-2.61238688037741,1
"18","13063040611","Clayton County",40995,0.261313868613139,26,"2",6850,"1",0.214306569343066,10.6214492894705,3.29583686600433,-1.30447894151896,1
"19","13063040612","Clayton County",34517,0.300434712606666,50,"4",7938,"1",0.209120685311162,10.4494969056366,3.93182563272433,-1.16978166507442,1
"20","13063040617","Clayton County",33359,0.273890142964635,43,"2",1329,"1",0.679458239277652,10.4153826042601,3.78418963391826,-1.25916793620236,1
"21","13063040622","Clayton County",51672,0.267144941634241,1,"4",8224,"1",0.19965953307393,10.8528648373981,0.693147180559945,-1.2832146546477,1
"22","13067030101","Cobb County",89819,0.119295131845842,21.5,"2",7908,"1",0.877718765806778,11.4056631420228,3.06994227611313,-2.04565764398394,2
"23","13067030103","Cobb County",89863,0.0217717717717718,30.8,"3",9369,"2",0.597609136514036,11.4061528416464,3.06009896713677,-3.44917706355029,5
"24","13067030104","Cobb County",52119,0.202420808653103,58,"2",3883,"1",0.783929951068761,10.861476694766,4.07753744390572,-1.54918602523645,1
"25","13067030106","Cobb County",64326,0.074100311703032,48,"4",7059,"NaN",0.539453180337158,11.0718746291371,3.89182029811063,-2.47574500567203,1
"26","13067030209","Cobb County",110000,0.0678673975463325,21,"4",7662,"2",0.685069172539807,11.6083265497335,2.38741641939495,-2.55274793044315,4
"27","13067030214","Cobb County",90469,0.041938855500392,15.5,"3",7654,"2",0.836948001045205,11.4128730585627,2.79174815439085,-2.95768810802319,2
"28","13067030215","Cobb County",75463,0.0595225793117702,22,"5",9696,"NaN",0.714005775577558,11.2315302553833,3.13549421592915,-2.66610369699044,1
"29","13067030219","Cobb County",121469,0.0440180586907449,20.5,"3",10652,"1",0.797408937288772,11.7074966873181,2.20335962363213,-2.91843686812485,2
"30","13067030220","Cobb County",91838,0.0777576853526221,16,"3",1663,"1",0.690318701142513,11.4278903157736,2.81739480158462,-2.43317583810521,2
"31","13067030223","Cobb County",76559,0.130149062349736,41.6666666666667,"3",6239,"1",0.589677832986055,11.2459475740767,3.41417597242102,-1.96504869172739,3
"32","13067030226","Cobb County",85264,0.0920718432510885,36.5,"4",11024,"1",0.510976052249637,11.3536248804517,2.8244871190806,-2.28207836803391,2
"33","13067030227","Cobb County",65673,0.15181962994731,43,"4",8236,"2",0.686862554638174,11.0925954190881,3.23817389512814,-1.82127295942183,6
"34","13067030228","Cobb County",50172,0.20901806328942,37.8333333333333,"3",7363,"2",0.602607632758387,10.8234116756427,3.25568810646388,-1.51860107179338,6
"35","13067030229","Cobb County",67768,0.125483199524234,33.8,"4",6819,"2",0.707288458718287,11.1239929374964,2.36748815749347,-1.99890763510066,5
"36","13067030230","Cobb County",79243,0.0475009394964299,29.75,"3",13473,"1",0.609589549469309,11.2804005459126,3.40195179778449,-2.85595399224397,4
"37","13067030231","Cobb County",109602,0.0300156081162204,90,"4",8329,"2",0.812702605354784,11.6047021365537,4.51085950651685,-3.21848569807205,1
"38","13067030234","Cobb County",118810,0.0352923356558619,74,"2",6630,"1",0.727601809954751,11.6853650219097,4.31748811353631,-3.09461745162736,1
"39","13067030235","Cobb County",105819,0.0527485852869846,38,"2",4948,"1",0.755052546483428,11.5695798629266,3.66356164612965,-2.76861924645173,1
"40","13067030239","Cobb County",131750,0.0172656349916869,101,"4",7819,"1",0.873001662616703,11.7887373648515,4.62497281328427,-3.60212816124806,1
"41","13067030310","Cobb County",78692,0.0719678519240136,322,"4",8212,"1",0.7496346809547,11.2734238470432,5.77765232322266,-2.50142815829661,1
"42","13067030312","Cobb County",70437,0.0729841082989994,33,"2",6804,"1",0.745296884185773,11.1626159330277,3.50470446635432,-2.48910615579466,2
"43","13067030313","Cobb County",94408,0.060220621341738,33.5,"3",8998,"1",0.64658813069571,11.455487011923,3.41109869531024,-2.65611325978003,2
"44","13067030314","Cobb County",109192,0.0589051463168517,31,"2",7928,"1",0.783678102926337,11.6009546571435,3.46573590279973,-2.6750244111996,1
"45","13067030318","Cobb County",150164,0.0377948651114297,21.6666666666667,"2",7680,"2",0.852213541666667,11.9195499007982,2.50584028353434,-3.04083706970222,3
"46","13067030319","Cobb County",98938,0.0623506408863784,18,"4",4603,"1",0.810992830762546,11.502349738598,2.94443897916644,-2.62623096780458,1
"47","13067030326","Cobb County",156037,0.0288613303269448,22.5,"4",4442,"1",0.846465556055831,11.9579125229066,3.08689305195097,-3.24775560178081,2
"48","13067030328","Cobb County",136076,0.0416172985781991,49.5,"3",6752,"1",0.831605450236967,11.8210423178085,3.82198097450126,-2.96389841891271,2
"49","13067030329","Cobb County",107072,0.0106929878675715,37,"2",4863,"1",0.794776886695455,11.5813501750841,3.63758615972639,-3.87796038645854,1
"50","13067030330","Cobb County",126546,0.0333228544482867,42.5,"2",6396,"1",0.714821763602251,11.7484401769394,3.76470322891851,-3.13907496686209,2
"51","13067030332","Cobb County",133646,0.0162550797124101,7,"3",3199,"NaN",0.78524538918412,11.8030246139376,2.07944154167984,-3.63989579581198,1
"52","13067030334","Cobb County",123966,0.0817051509769094,65,"4",3389,"2",0.809383298908232,11.7278432774672,4.09044047099819,-2.38917672924813,2
"53","13067030336","Cobb County",180536,0.0117236566643405,69,"4",7165,"1",0.884019539427774,12.1037408719324,3.91182296541748,-3.82935344337465,2
"54","13067030337","Cobb County",169188,0.0285526026795519,17.5,"4",4564,"1",0.872480280455741,12.0388249057534,2.8518912373281,-3.25573166686653,2
"55","13067030339","Cobb County",75532,0.0778057214712355,261.5,"4",6362,"1",0.603583778685948,11.2324440719551,5.33242698603661,-2.43262861564375,2
"56","13067030340","Cobb County",160750,0.0125407574617507,13.5,"4",3987,"1",0.947078003511412,11.9876678485631,2.62351203608024,-3.79243016571107,2
"57","13067030342","Cobb County",123281,0.032804692591788,49,"2",4625,"1",0.850162162162162,11.7223026937876,3.91202300542815,-3.15110754240937,1
"58","13067030344","Cobb County",49206,0.106493506493506,44,"4",3850,"2",0.248831168831169,10.8039740528653,3.80666248977032,-2.14991974578298,1
"59","13067030345","Cobb County",71676,0.0971696412475212,54.3333333333333,"3",5602,"1",0.263120314173509,11.1800507495029,3.89292430567093,-2.23334226777127,9
"60","13067030405","Cobb County",49406,0.192214894643719,52,"2",6449,"1",0.55776089316173,10.8080295373757,3.97029191355212,-1.59842431218234,1
"61","13067030408","Cobb County",77577,0.0701940035273369,15,"5",2862,"NaN",0.652690426275332,11.2591551663641,2.77258872223978,-2.52330653589083,1
"62","13067030410","Cobb County",67993,0.0513595166163142,43.6666666666667,"3",4656,"2",0.691151202749141,11.1273071008321,3.47557856543356,-2.79100499978477,3
"63","13067030411","Cobb County",38994,0.257479601087942,97,"3",2206,"1",0.388939256572983,10.571419483955,4.58496747867057,-1.31871197316901,1
"64","13067030412","Cobb County",46094,0.28003104987386,18,"2",5269,"1",0.451698614537863,10.7386549931165,2.94443897916644,-1.23776729320249,1
"65","13067030413","Cobb County",50325,0.266799492845499,31,"4",5554,"2",0.475153042851999,10.8264559391635,3.46573590279973,-1.28446188744587,1
"66","13067030502","Cobb County",96667,0.0920060331825038,2,"3",7314,"NaN",0.72149302707137,11.4791308041332,1.03972077083992,-2.28272331859901,2
"67","13067030601","Cobb County",66991,0.0836870170856459,31.5,"2",9189,"1",0.4564152791381,11.1124628236349,3.192135375612,-2.3677956576554,4
"68","13067030602","Cobb County",92684,0.0635069607383075,125.25,"4",6709,"2",0.826799821135788,11.4370590245401,4.41937983271947,-2.61037517332493,12
"69","13067030800","Cobb County",54205,0.174409937888199,17.5,"2",6135,"1",0.536756316218419,10.9007129019063,2.31248640664214,-1.69059407620879,2
"70","13067030901","Cobb County",78655,0.0921068391424123,40,"2",8349,"1",0.645226973290214,11.2729536086745,3.71357206670431,-2.28173557131041,1
"71","13067030904","Cobb County",43158,0.257072232903049,32.6666666666667,"2",7332,"1",0.332378614293508,10.6728547590075,3.2462043031153,-1.32023612195253,3
"72","13067030905","Cobb County",69261,0.14328405158855,41,"3",8700,"2",0.392413793103448,11.1457816271763,3.73766961828337,-1.87546253251139,1
"73","13067031101","Cobb County",59093,0.238681102362205,11,"4",6146,"NaN",0.424829157175399,10.9870369635272,2.484906649788,-1.39158391673654,1
"74","13067031106","Cobb County",76182,0.046067284022975,77,"3",8628,"2",0.451437181270283,11.2410117492866,4.35670882668959,-2.88120280906069,1
"75","13067031110","Cobb County",66154,0.11965282083075,159,"4",3241,"1",0.656896019746992,11.0998917873621,5.07517381523383,-2.04289500995879,1
"76","13067031111","Cobb County",86115,0.07369826435247,652,"4",3745,"2",0.5543391188251,11.363555008316,6.48157712927643,-2.48053703823134,1
"77","13067031114","Cobb County",56370,0.148315803488217,56.3333333333333,"2",7511,"2",0.323392357875116,10.9398697646681,3.32206020729152,-1.8431634845562,3
"78","13067031115","Cobb County",75123,0.139914163090129,36.5,"2",4690,"1",0.419189765458422,11.2270151553526,3.27838917807902,-1.89769239474696,2
"79","13067031118","Cobb County",84936,0.0823432343234323,46,"2",6169,"1",0.53979575295834,11.34977103947,3.85014760171006,-2.38224283627203,1
"80","13067031205","Cobb County",87910,0.0672434729811779,22,"4",6588,"NaN",0.467668488160291,11.3841825890775,3.13549421592915,-2.56079285892698,1
"81","13067031206","Cobb County",79192,0.076209086468002,53.2857142857143,"3",10395,"1",0.431938431938432,11.2797568300089,3.46114402845421,-2.45097969540615,7
"82","13067031207","Cobb County",78977,0.0434503424657534,24,"3",4714,"2",0.517819261773441,11.2770385609462,3.19846482760807,-2.92900223431452,2
"83","13067031208","Cobb County",73611,0.0642262895174709,3,"3",6010,"NaN",0.446256239600666,11.2066855901062,1.35402510055111,-2.60063688539503,2
"84","13067031211","Cobb County",82330,0.0305580159433127,93.6666666666667,"3",4558,"2",0.502852128126371,11.3186122953239,3.72508950895575,-3.20502183748066,3
"85","13067031212","Cobb County",184000,0.0278969957081545,72.5,"4",2330,"1",0.907296137339056,12.1227453829404,3.99511909286018,-3.27288343894983,2
"86","13067031306","Cobb County",78824,0.0712395235994707,24,"2",4566,"1",0.447218572054314,11.2750996548699,3.2188758248682,-2.51035340640001,1
"87","13067031310","Cobb County",38231,0.251364216881458,3,"5",8613,"NaN",0.199117612910716,10.551663517451,1.38629436111989,-1.34184037743986,1
"88","13067031312","Cobb County",86808,0.0483886300979181,53,"2",10519,"1",0.376461640840384,11.3715692524215,3.982772786565,-2.84063409820668,2
"89","13067031313","Cobb County",117366,0.0206557984438681,16,"4",10815,"NaN",0.385390661118816,11.6731377361761,2.83321334405622,-3.48493345198474,1
"90","13067031405","Cobb County",58530,0.166975651958967,13,"2",8152,"1",0.344700686947988,10.9774655602459,2.49521629338937,-1.73174311542435,2
"91","13067031406","Cobb County",45363,0.213304775103944,36,"2",8309,"1",0.257431700565652,10.7226724934607,3.61091791264422,-1.49921773611055,1
"92","13067031408","Cobb County",57975,0.0406951484431571,159,"4",6956,"1",0.396635997699827,10.9679396353908,5.07517381523383,-2.98192506442019,1
"93","13067031503","Cobb County",65530,0.117927527018436,120,"4",9443,"1",0.40146139997882,11.0904159222528,4.79579054559674,-2.05629137058,1
"94","13067031506","Cobb County",56458,0.143701514591799,49,"2",5414,"1",0.486331732545253,10.9414293850041,3.91202300542815,-1.87274277427795,1
"95","13067031509","Cobb County",81583,0.0969917012448133,2,"5",11568,"NaN",0.349671507607192,11.3094987529588,1.09861228866811,-2.23500400598773,1
"96","13089020300","DeKalb County",147614,0.0818242790073776,232,"4",4476,"2",0.891867739052726,11.9024237795563,5.2017221618685,-2.38787853911907,2
"97","13089020400","DeKalb County",106103,0.0680044593088071,190,"4",2701,"2",0.850425768233987,11.5722598430153,4.64738671397551,-2.55098928330099,2
"98","13089020500","DeKalb County",65694,0.15786143625435,70.75,"3",3161,"1",0.495096488453021,11.09291508542,3.07392120105497,-1.78461642410081,4
"99","13089020700","DeKalb County",95417,0.0947611710323575,211,"4",2634,"1",0.654517843583903,11.466116836262,5.35658627467201,-2.25607208116572,1
"100","13089020801","DeKalb County",94662,0.0561976883220407,1326,"4",2509,"2",0.644878437624552,11.4581735649165,7.19067603433221,-2.71510973625551,1
"101","13089020802","DeKalb County",73981,0.185834661808244,136.5,"4",4411,"2",0.409657673996826,11.2116987431682,4.81603622627411,-1.63048453795327,2
"102","13089020900","DeKalb County",71618,0.0694065484311051,199.75,"4",5927,"1",0.523198920195715,11.1792413379567,4.5312456034138,-2.53317444018645,4
"103","13089021102","DeKalb County",110504,0.0642699677802272,90,"2",6533,"1",0.782182764426756,11.6128974887472,4.49770703066403,-2.60004861112051,3
"104","13089021204","DeKalb County",28242,0.394843962008141,83,"5",3002,"2",0.390739506995336,10.2489195305288,3.30802856034086,-0.904253565106862,4
"105","13089021208","DeKalb County",74922,0.13405711588388,64.7142857142857,"3",4237,"2",0.678074109039415,11.2243363145809,3.63774615714128,-1.93754541996373,7
"106","13089021209","DeKalb County",80692,0.128640048033624,28.6666666666667,"3",6793,"2",0.724716620050052,11.2985186370984,3.29585380066196,-1.9758742871119,3
"107","13089021213","DeKalb County",154063,0.00850822461712989,48,"2",3526,"1",0.906409529211571,11.945181795055,3.89182029811063,-3.98954007179264,1
"108","13089021214","DeKalb County",172279,0.00892712222041876,200.5,"4",6206,"2",0.862391234289397,12.0569285783422,5.02262374878698,-3.96715934748233,2
"109","13089021215","DeKalb County",100348,0.0795419847328244,53.5714285714286,"3",6550,"1",0.356335877862595,11.5164990720235,3.1075174604442,-2.41304766053577,7
"110","13089021216","DeKalb County",86828,0.00953097567093052,400.2,"4",7974,"2",0.518560321043391,11.3717995928657,4.72918838900081,-3.93575357779246,5
"111","13089021218","DeKalb County",60254,0.110152621101526,39,"2",6071,"1",0.45478504365014,11.0064901895055,3.68605901416889,-2.11899250179394,2
"112","13089021301","DeKalb County",46667,0.227633668607729,237.142857142857,"4",3817,"2",0.445113963845952,10.7510068169831,4.95227405336133,-1.43702499863807,7
"113","13089021303","DeKalb County",43309,0.259791345989396,162.6,"5",5869,"2",0.560572499574033,10.6763466168226,3.55775161986841,-1.31010641137378,5
"114","13089021306","DeKalb County",50118,0.236152178198305,33.5,"2",5073,"1",0.573033707865168,10.822335013192,3.53832690772198,-1.4018053237482,2
"115","13089021307","DeKalb County",50362,0.213859020310633,21.5,"2",4185,"1",0.544563918757467,10.8271907441257,2.41814095347574,-1.49673879887905,2
"116","13089021410","DeKalb County",62951,0.182068712107294,19.5,"2",5443,"1",0.816094065772552,11.0502707660655,2.67355376535873,-1.64990209541772,2
"117","13089021412","DeKalb County",115759,0.048884165781084,11,"2",3764,"1",0.828639744952179,11.6593521053461,2.484906649788,-2.83218305670612,1
"118","13089021414","DeKalb County",53222,0.254812319538017,27,"2",4156,"1",0.422762271414822,10.8824149982583,3.3322045101752,-1.32873393206638,1
"119","13089021415","DeKalb County",111827,0.0889748549323017,270.5,"3",3687,"1",0.770002712232167,11.6247977330735,5.05626608973542,-2.31288945169143,2
"120","13089021502","DeKalb County",72537,0.0772632068885269,39.3333333333333,"4",4297,"2",0.734931347451711,11.1919899066648,2.97368567271914,-2.43882636100476,3
"121","13089021503","DeKalb County",57381,0.192579043637314,49.5,"3",3938,"1",0.692483494159472,10.957642775589,3.91798729086078,-1.59662512964827,2
"122","13089021504","DeKalb County",77708,0.128012338538654,132.4,"4",5357,"1",0.664737726339369,11.2608421697583,4.64864778193681,-1.98041218812135,5
"123","13089021603","DeKalb County",66425,0.0981185514869512,51.5,"2",4943,"2",0.681974509407243,11.1039793050254,3.95712613937122,-2.22452695493564,2
"124","13089021605","DeKalb County",82454,0.106638871071199,130,"4",6236,"1",0.556606799230276,11.3201171134521,4.87519732320115,-2.14867268951349,1
"125","13089021704","DeKalb County",105033,0.0786142571618921,25.6666666666667,"2",6045,"1",0.730190239867659,11.5621250691172,3.05539315873014,-2.42346251826826,3
"126","13089021705","DeKalb County",42679,0.232253913789406,50.75,"3",4879,"1",0.560770649723304,10.661696554788,3.27121729324419,-1.41776887234835,4
"127","13089021805","DeKalb County",76066,0.0534290271132376,23.5,"3",7536,"1",0.49854033970276,11.2394881196016,2.77647979246081,-2.75783368141332,2
"128","13089021806","DeKalb County",68216,0.0956626870182862,40.25,"4",6732,"1",0.457813428401664,11.1305810028528,3.15603944624861,-2.24750345676972,4
"129","13089021809","DeKalb County",99337,0.0458991723100075,40,"3",6785,"2",0.766543846720707,11.5063740512483,3.60589870606865,-2.88420570554953,3
"130","13089021810","DeKalb County",74539,0.0678318048105209,28.5,"3",5788,"2",0.579474775397374,11.2192119062867,3.31665921664019,-2.55320512914286,2
"131","13089021906","DeKalb County",46448,0.144268774703557,132,"5",5572,"2",0.147523330940416,10.7463039576148,4.89034912822175,-1.869058907535,1
"132","13089021907","DeKalb County",55048,0.0818601508839095,2,"3",9022,"2",0.213921525160718,10.9161424540267,1.09861228866811,-2.38748795754382,2
"133","13089021908","DeKalb County",36250,0.277777777777778,32,"2",5443,"1",0.0883703839794231,10.4984704843088,3.49650756146648,-1.24556670162477,1
"134","13089021910","DeKalb County",42305,0.166833166833167,1,"2",6006,"NaN",0.160506160506161,10.6528969121042,0.693147180559945,-1.73254855116216,1
"135","13089022001","DeKalb County",66638,0.107260364114937,123,"4",4559,"1",0.724500987058565,11.1071803176547,4.82028156560504,-2.14335848225784,1
"136","13089022005","DeKalb County",39266,0.263167760074977,2,"5",5395,"1",0.139573679332715,10.5783689242892,1.09861228866811,-1.29766916675939,1
"137","13089022007","DeKalb County",39216,0.323709322241253,53,"5",4098,"1",0.093460224499756,10.5770950712215,3.34230586383396,-1.09748495762085,2
"138","13089022009","DeKalb County",41042,0.382089016511127,5,"4",5572,"2",0.0664034458004307,10.6225948347656,1.79175946922805,-0.936266382034553,1
"139","13089022100","DeKalb County",44135,0.235023041474654,18,"2",3689,"1",0.231499051233397,10.6952349493357,2.94443897916644,-1.40640302602421,1
"140","13089022203","DeKalb County",66731,0.16056338028169,25.5,"4",2130,"2",0.534272300469484,11.1085747357112,3.15130948787245,-1.76864831947631,2
"141","13089022301","DeKalb County",73819,0.16293717884966,101.5,"3",6061,"1",0.706814057086289,11.2095068873319,4.49460463797673,-1.75482687846796,6
"142","13089022302","DeKalb County",89146,0.11743119266055,34,"2",4371,"1",0.707389613360787,11.3981429233261,3.55534806148941,-2.06017872546289,1
"143","13089022402","DeKalb County",32083,0.444924406047516,21,"4",6698,"2",0.504329650641983,10.3763932168019,2.48461704647158,-0.787624014388967,6
"144","13089022403","DeKalb County",174531,0.036368196639077,15,"4",3987,"NaN",0.891898670679709,12.0699149500466,2.77258872223978,-3.071141472017,1
"145","13089022500","DeKalb County",90648,0.164402942840973,255,"4",7102,"1",0.696423542664038,11.4148494638059,5.38224905279105,-1.74638689356147,2
"146","13089022600","DeKalb County",82131,0.0466666666666667,62.5,"3",6600,"2",0.677121212121212,11.3161925617729,4.08395968147891,-2.87056913059998,2
"147","13089022700","DeKalb County",136324,0.0396735003796507,394,"4",5413,"2",0.700905228154443,11.8228630363204,5.59569850586731,-3.00228367963304,2
"148","13089023000","DeKalb County",83021,0.0425531914893617,109,"4",2115,"1",0.848699763593381,11.3269693110231,4.70048036579242,-2.94592945107017,1
"149","13089023102","DeKalb County",39961,0.128839844915002,34,"2",3390,"1",0.353097345132743,10.5959094701565,3.55534806148941,-1.97443420499435,1
"150","13089023111","DeKalb County",62969,0.141436963398102,2,"5",2263,"NaN",0.120194432169686,11.0505566164724,1.09861228866811,-1.88758582380018,1
"151","13089023112","DeKalb County",29786,0.30469550953455,10,"5",4877,"NaN",0.0469550953454993,10.3021294352962,2.39789527279837,-1.15614974404901,1
"152","13089023113","DeKalb County",40542,0.239568345323741,33,"2",2780,"1",0.324820143884892,10.6103403801522,3.52636052461616,-1.38802247214903,1
"153","13089023210","DeKalb County",33682,0.353364787683139,26,"2",8059,"1",0.0399553294453406,10.4250156994353,3.29583686600433,-1.01234802456919,1
"154","13089023211","DeKalb County",49980,0.0793103448275862,6,"4",3480,"NaN",0.0166666666666667,10.8195782644076,1.94591014905531,-2.41563795427503,1
"155","13089023212","DeKalb County",60033,0.148683092608326,12,"1",3608,"NaN",0.026330376940133,11.002816251188,2.56494935746154,-1.84084619393476,1
"156","13089023214","DeKalb County",48150,0.182319545823195,16,"2",6165,"1",0.0167072181670722,10.7822840799827,2.07944154167984,-1.64859698920633,2
"157","13089023303","DeKalb County",48638,0.206643109540636,6.5,"5",7087,"NaN",0.0688584732609002,10.7923659767999,2.01267584536757,-1.52950393586864,2
"158","13089023310","DeKalb County",40830,0.22768398470292,33,"1",10967,"1",0.0142244916567885,10.6174172722786,3.52636052461616,-1.43681328297791,1
"159","13089023312","DeKalb County",72651,0.0657134741028312,23,"2",10571,"1",0.0503263645823479,11.193560068411,3.17805383034795,-2.58079914094531,1
"160","13089023316","DeKalb County",69120,0.117453472537449,28,"2",8865,"1",0.0214326001128032,11.1437440689393,3.36729582998647,-2.06000390225854,1
"161","13089023410","DeKalb County",34132,0.212737127371274,51,"2",4428,"1",0.0103884372177055,10.4382835769407,3.95124371858143,-1.50176300388012,1
"162","13089023412","DeKalb County",52180,0.121292902365878,25,"2",6008,"1",0.0239680426098535,10.8626461846375,3.25809653802148,-2.03032455575386,1
"163","13089023414","DeKalb County",69542,0.0376842425163349,38,"1",6603,"1",0.0622444343480236,11.1498299532286,3.66356164612965,-3.04315428123346,1
"164","13089023418","DeKalb County",51555,0.0849015857345591,46,"2",16529,"1",0.0615282231229959,10.8505984267502,3.85014760171006,-2.35491486397415,1
"165","13089023425","DeKalb County",73652,0.117831763344902,16,"4",6057,"1",0.065709096912663,11.2072423414089,2.83321334405622,-2.05704022844455,1
"166","13089023428","DeKalb County",39408,0.215919215919216,15.5,"2",10151,"1",0.0141857945030046,10.5819778437524,2.06356719252255,-1.48757779529582,2
"167","13089023501","DeKalb County",32000,0.29455519190717,44,"2",3361,"1",0.0502826539720321,10.3738036329639,3.80666248977032,-1.188902954046,1
"168","13089023507","DeKalb County",47012,0.131208997188379,31,"2",4268,"1",0.00515463917525773,10.7583708562809,3.30411606032277,-1.95751423648856,3
"169","13089023700","DeKalb County",47712,0.22255291005291,17.5,"5",6054,"2",0.150809382226627,10.773147786482,2.53758690761691,-1.45863750972483,2
"170","13121000100","Fulton County",168396,0.0186691312384473,40,"4",5410,"2",0.899630314232902,12.0341330096093,3.61924842044718,-3.55193430165803,2
"171","13121000200","Fulton County",158011,0.0554360417011418,44.5,"4",6175,"2",0.896194331983806,11.9704832145696,3.727359974682,-2.72668207596907,2
"172","13121000400","Fulton County",97257,0.0372899159663866,25,"4",2047,"1",0.865168539325843,11.4852150534016,3.0345319066765,-3.05145819931278,6
"173","13121000500","Fulton County",90140,0.111381618989653,26.8333333333333,"4",5219,"1",0.66257903812991,11.4092302286315,2.1886502903705,-2.10881582047214,6
"174","13121000600","Fulton County",53686,0.423359811709326,319.428571428571,"4",7952,"1",0.493460764587525,10.8910937898269,4.72474351351717,-0.836186922122789,7
"175","13121000700","Fulton County",84107,0.144632768361582,6,"4",3339,"2",0.295297993411201,11.3399639658426,1.94591014905531,-1.86670220952124,1
"176","13121001001","Fulton County",103846,0.173636844891477,32.6666666666667,"3",2904,"2",0.568870523415978,11.5507606032733,2.86594192244657,-1.69479514069253,6
"177","13121001002","Fulton County",31042,0.397312859884837,100,"2",7305,"1",0.457631759069131,10.3434184975256,2.99573227355399,-0.898173691330409,2
"178","13121001100","Fulton County",109426,0.0627768149431928,57.8,"3",5193,"1",0.781821683034855,11.6030951824808,3.09499808443665,-2.62035785055881,5
"179","13121001201","Fulton County",80476,0.0881174899866489,256,"4",4527,"1",0.747294013695604,11.2958385352386,5.54907608489522,-2.32158964097644,1
"180","13121001202","Fulton County",93143,0.0701114099116404,188.916666666667,"4",5206,"2",0.717249327698809,11.4419985816303,4.15403252737873,-2.52433698921406,12
"181","13121001300","Fulton County",76188,0.192705638903259,107.636363636364,"4",4421,"1",0.670436552816105,11.2410904946111,3.93152042057189,-1.59600040695079,11
"182","13121001400","Fulton County",84167,0.0362473347547974,305.5,"3",2345,"1",0.865245202558635,11.3406770037708,4.61172700556078,-3.0737514436075,2
"183","13121001500","Fulton County",66490,0.119669569100246,141,"4",4617,"1",0.82867662984622,11.1049572266439,4.95582705760126,-2.04276584047579,1
"184","13121001600","Fulton County",78182,0.0491729995529727,139.666666666667,"4",2237,"1",0.848010728654448,11.2669226195099,4.25085403702052,-2.82728992976445,6
"185","13121001700","Fulton County",94750,0.0682142129912442,12,"4",4911,"NaN",0.634086744043983,11.4591026582727,2.56494935746154,-2.54830389613954,1
"186","13121001900","Fulton County",62656,0.279162956366874,21.5,"3",5064,"1",0.419431279620853,11.0455743147895,2.77246787969486,-1.24076488691948,6
"187","13121002100","Fulton County",68618,0.406392694063927,26,"2",2409,"1",0.335408883354089,11.1364558937033,3.13926071208292,-0.876126487870927,2
"188","13121002600","Fulton County",33611,0.343047965998786,5,"4",1672,"2",0.0107655502392345,10.4229061507201,1.497866136777,-1.04115135026344,2
"189","13121002800","Fulton County",33165,0.309543230016313,35.3333333333333,"5",5231,"2",0.326515006690881,10.4095518592004,2.62160133444282,-1.14086270910209,3
"190","13121002900","Fulton County",71210,0.152220784821044,126,"4",2425,"1",0.49979381443299,11.1735289568318,4.50534554588669,-1.81879700234743,4
"191","13121003000","Fulton County",113125,0.0443526170798898,157,"4",3630,"2",0.801101928374656,11.6363370748854,4.75447035194715,-2.91226251423033,4
"192","13121003100","Fulton County",62250,0.10544384502207,169,"4",2051,"2",0.698196001950268,11.0390744439956,4.61167765452684,-2.15897105753422,2
"193","13121003500","Fulton County",53889,0.532571428571429,79.4,"3",2074,"1",0.35824493731919,10.8948672038493,3.34317092973436,-0.611435536665219,5
"194","13121003600","Fulton County",53152,0.341005967604433,30,"4",1254,"1",0.107655502392345,10.8810991343919,3.43398720448515,-1.04695205393877,1
"195","13121004100","Fulton County",54208,0.245820153637596,36.5,"2",2214,"1",0.128726287262873,10.9007682356147,3.61708858987492,-1.36328060624194,2
"196","13121004200","Fulton County",18913,0.425918449737586,57,"3",2477,"1",0.0867985466289867,9.84813339240405,4.04212705315366,-0.830300095013889,2
"197","13121004900","Fulton County",84655,0.246560846560847,28.3333333333333,"4",2835,"2",0.540035273368607,11.3464575720994,2.60100888121074,-1.36038942394238,3
"198","13121005000","Fulton County",75570,0.0571776155717762,137.666666666667,"3",2586,"2",0.576952822892498,11.2329469769035,4.64067680044732,-2.70041518855417,3
"199","13121005200","Fulton County",111759,0.143945469125902,93.3333333333333,"3",5170,"1",0.77504835589942,11.624189520395,4.43118103125981,-1.87115683586056,3
"200","13121005300","Fulton County",102303,0.108746431352193,63,"4",3861,"2",0.663299663299663,11.5357920210899,3.48817403522387,-2.13076488828996,2
"201","13121005502","Fulton County",21804,0.414073550212164,44,"4",2846,"1",0.0769501054111033,9.99030724448869,3.80666248977032,-0.857848371312404,1
"202","13121005800","Fulton County",42679,0.272027972027972,6,"4",1479,"NaN",0.202839756592292,10.661696554788,1.64721414086977,-1.26574902137463,3
"203","13121006200","Fulton County",37500,0.245217391304348,30.5,"4",1725,"2",0.0243478260869565,10.5323628430759,3.09310431195025,-1.36563958208914,2
"204","13121006300","Fulton County",31483,0.374664879356568,1,"1",1492,"NaN",0.0851206434316354,10.3575205778965,0.693147180559945,-0.955382766979734,1
"205","13121006500","Fulton County",50163,0.246023329798515,8,"5",3843,"NaN",0.204787926099401,10.8232323123818,2.19722457733622,-1.36248670662939,1
"206","13121006601","Fulton County",44250,0.269669327251995,49,"5",1755,"2",0.19031339031339,10.697836613605,3.91202300542815,-1.27414734781234,1
"207","13121007002","Fulton County",45451,0.213504337985666,19,"4",2651,"2",0.021124104111656,10.7246100945249,2.99573227355399,-1.49832445578503,1
"208","13121007200","Fulton County",27083,0.362559241706161,29,"1",2136,"1",0.0402621722846442,10.2070306709189,3.40119738166216,-0.987359215670401,1
"209","13121007500","Fulton County",26205,0.338222089194852,9,"2",3348,"1",0.113201911589008,10.1740870450066,2.30258509299405,-1.05491481542108,1
"210","13121007703","Fulton County",44452,0.196504593322877,46.5,"2",4463,"2",0.016356710732691,10.7023901707619,3.81182097325579,-1.57743262313412,2
"211","13121007808","Fulton County",12485,0.76703056768559,16,"1",4580,"1",0,9.43308384326905,2.83321334405622,-0.252275588737618,1
"212","13121008000","Fulton County",43854,0.226261530113945,40,"4",5529,"1",0.0434074877916441,10.6888492170839,3.71357206670431,-1.44281590908409,1
"213","13121008102","Fulton County",27119,0.202346923424101,12.5,"2",6647,"1",0.0279825485181285,10.2083585454086,2.47082121130465,-1.54953391055903,2
"214","13121008800","Fulton County",103385,0.0747697974217311,31,"2",5430,"1",0.652302025782689,11.5463118839879,3.46573590279973,-2.46781596210479,1
"215","13121008902","Fulton County",72432,0.148619957537155,53.4444444444444,"4",8007,"1",0.602847508430124,11.190541520672,3.64235480432187,-1.84124414202871,9
"216","13121008903","Fulton County",75978,0.0933333333333333,5,"4",2250,"NaN",0.398222222222222,11.2383307120649,1.79175946922805,-2.26979527017105,1
"217","13121009000","Fulton County",111146,0.0320164763152968,180.333333333333,"2",5341,"2",0.82400299569369,11.618689899042,3.68273992560593,-3.16969344440429,3
"218","13121009101","Fulton County",79489,0.129840142095915,1.5,"4",5630,"NaN",0.687921847246892,11.283499721947,0.895879734614027,-1.96725535094331,2
"219","13121009102","Fulton County",59444,0.0908529048207664,92.3333333333333,"4",3344,"2",0.649521531100478,10.992958183287,4.03929898487548,-2.29409221161778,3
"220","13121009200","Fulton County",71482,0.139557005027857,46,"3",7359,"1",0.658377496942519,11.1773408343103,3.51054198214457,-1.90007765429533,2
"221","13121009300","Fulton County",106128,0.158361645904115,95,"3",5298,"2",0.936013590033975,11.5724954131669,4.53737485883492,-1.78164095902804,2
"222","13121009402","Fulton County",75088,0.172656673288785,39,"2",5537,"1",0.497561856601048,11.2265492062392,2.85414769012993,-1.70014699047186,4
"223","13121009403","Fulton County",63269,0.17672741078208,42,"4",5268,"1",0.467160212604404,11.0553087995354,3.76120011569356,-1.678105421953,1
"224","13121009502","Fulton County",86053,0.114059080962801,60.5,"4",3867,"2",0.679337988104474,11.3628348651854,4.07681874319264,-2.0869973674704,2
"225","13121009601","Fulton County",107386,0.0514677849790316,100,"3",2631,"1",0.835423793234512,11.5842782164155,4.61512051684126,-2.78924206289123,1
"226","13121009602","Fulton County",102778,0.0773017319963537,35.1111111111111,"4",5514,"2",0.756619513964454,11.540423893672,3.1671892055464,-2.4383849767417,9
"227","13121009603","Fulton County",83243,0.102898550724638,79.6666666666667,"3",4830,"2",0.737267080745342,11.3296394432294,4.37833965222074,-2.1812656447146,3
"228","13121009801","Fulton County",125375,0.0289513188934163,35,"2",4746,"2",0.891698272229246,11.7391442828014,3.37660866491562,-3.24544264604697,3
"229","13121009802","Fulton County",165583,0.0329453107840984,7,"2",4553,"2",0.802108499890182,12.0172882495085,2.07944154167984,-3.1478278149966,1
"230","13121009900","Fulton County",152500,0.0391329368885479,46.6666666666667,"3",5213,"1",0.962977172453482,11.9349854466502,3.35178330061512,-3.01322565668168,3
"231","13121010001","Fulton County",108197,0.0686573227706683,55.5,"5",4923,"2",0.746089782652854,11.5918013383111,3.5740838564604,-2.5426545480183,4
"232","13121010002","Fulton County",146182,0.042518205308903,59,"3",8716,"2",0.850963744837081,11.8926761052384,2.86516224879491,-2.94659540170598,5
"233","13121010110","Fulton County",73727,0.0726283987915408,87.5714285714286,"4",8275,"2",0.713595166163142,11.208259987478,3.81144505399009,-2.49340184650907,7
"234","13121010113","Fulton County",61583,0.0737263084680925,196,"4",5771,"1",0.470455726910414,11.0283035067009,5.28320372873799,-2.48020203225925,1
"235","13121010115","Fulton County",127688,0.036504854368932,3,"2",2770,"NaN",0.788086642599278,11.7574233801909,1.38629436111989,-3.06819857680681,1
"236","13121010119","Fulton County",56402,0.210518003790272,76.5,"2",6351,"1",0.398992284679578,10.9404371808121,4.32411072691132,-1.5117759375859,2
"237","13121010121","Fulton County",90451,0.0539379474940334,143.5,"4",2095,"2",0.837708830548926,11.4126740975805,4.66954266393337,-2.74984223636562,2
"238","13121010122","Fulton County",90586,0.0758264139119536,2,"4",6383,"1",0.372552091493028,11.4141653409461,1.09861228866811,-2.45542846541401,2
"239","13121010205","Fulton County",103828,0.0572498662386303,122.571428571429,"4",5607,"1",0.905831995719636,11.5505872713518,4.70247000247023,-2.69934024951882,7
"240","13121010206","Fulton County",192375,0.0385373722889407,56.5,"2",5618,"2",0.866678533285867,12.1672538515965,3.99714749320799,-3.02542121511111,2
"241","13121010208","Fulton County",72022,0.0324189526184539,63,"2",4029,"1",0.718292380243236,11.1848657437065,4.15888308335967,-3.1601600208988,1
"242","13121010211","Fulton County",142750,0.0353731871241599,45,"4",2864,"2",0.92108938547486,11.8689201776041,3.8286413964891,-3.09283394038183,1
"243","13121010212","Fulton County",67350,0.2325952170062,82,"4",5645,"2",0.657218777679362,11.1178066489162,3.23136804930855,-1.41636099822219,4
"244","13121010301","Fulton County",75636,0.0539351630486755,29,"2",21010,"1",0.0649214659685864,11.2338198427359,3.40119738166216,-2.74988578649663,1
"245","13121010303","Fulton County",71457,0.115959409594096,46,"2",10840,"1",0.0003690036900369,11.1769910836789,3.8481063196732,-2.07179557000946,2
"246","13121010400","Fulton County",50980,0.152526439482961,39.5,"3",8551,"1",0.433633493158695,10.8393848140492,3.69199472898925,-1.81691458593676,2
"247","13121010507","Fulton County",43986,0.218913480885312,39,"2",7495,"1",0.0595063375583723,10.691853999677,3.68887945411394,-1.474411159545,1
"248","13121010508","Fulton County",59474,0.106395696353855,33,"2",3359,"1",0.0541827924977672,10.9934626478086,3.52636052461616,-2.15075971727334,1
"249","13121010510","Fulton County",48051,0.146256030665521,49.6666666666667,"2",15147,"1",0.144781144781145,10.7802263163982,3.72730608926002,-1.85625939485111,3
"250","13121010512","Fulton County",40215,0.214551083591331,51,"2",6460,"1",0.0467492260061919,10.6022439718606,3.95124371858143,-1.49365205384734,1
"251","13121010513","Fulton County",48344,0.17657967032967,30,"2",14560,"1",0.102197802197802,10.7863042275526,3.43398720448515,-1.67889694436229,1
"252","13121010515","Fulton County",55883,0.138252756573367,14,"2",5930,"1",0.109949409780776,10.9311944276885,2.70805020110221,-1.90883664719038,1
"253","13121010603","Fulton County",34830,0.237319683573755,1,"1",4298,"NaN",0.0111679851093532,10.4585214309664,0.693147180559945,-1.39707351371295,1
"254","13121010604","Fulton County",36044,0.203560371517028,1,"5",2584,"2",0.0874613003095975,10.492773093562,0.693147180559945,-1.54383571571396,1
"255","13121010800","Fulton County",44881,0.260301049110537,84.6,"3",6577,"1",0.427702599969591,10.7119926082042,4.16845819617337,-1.30821894442522,5
"256","13121011000","Fulton County",23546,0.524078379275988,27.5,"2",3036,"1",0.218379446640316,10.0671358440645,3.32319525742386,-0.627212673122341,2
"257","13121011100","Fulton County",60333,0.101479915433404,416,"4",2365,"2",0.373784355179704,11.0078002297403,6.0330862217988,-2.19391083494955,1
"258","13121011202","Fulton County",44614,0.231445849367785,128.5,"3",3683,"2",0.318218843334238,10.7060271098673,3.32189486657384,-1.42111005725232,2
"259","13121011305","Fulton County",36707,0.179541108986616,81,"1",5230,"1",0.0250478011472275,10.5109951420504,4.40671924726425,-1.66314934402012,1
"260","13121011306","Fulton County",33587,0.23113410952997,61.6666666666667,"3",2337,"2",0.0654685494223363,10.4221920562508,3.04742521368735,-1.42240202918538,3
"261","13121011405","Fulton County",85081,0.0485824742268041,29.3333333333333,"4",7783,"1",0.667223435693177,11.3514765510369,3.03039715747775,-2.83731970175882,6
"262","13121011410","Fulton County",117157,0.0370644922164566,33,"4",6745,"2",0.756856931060044,11.6713555465109,2.83786223194071,-3.0562364430254,3
"263","13121011411","Fulton County",85114,0.0913957435696566,30,"2",7659,"1",0.721634678156417,11.3518642959526,3.43398720448515,-2.2887241653367,1
"264","13121011412","Fulton County",91222,0.0467299578059072,59,"3",9520,"2",0.753256302521008,11.4211609917124,4.06427302075348,-2.8694528514143,4
"265","13121011414","Fulton County",80389,0.0895483535077444,52.6666666666667,"4",7683,"1",0.573343745932578,11.2947570172788,3.71691178011446,-2.30711178795834,3
"266","13121011416","Fulton County",109417,0.0550605844618674,68,"4",5641,"2",0.785499024995568,11.603012939251,4.23316043052124,-2.73243637454864,2
"267","13121011418","Fulton County",160820,0.0168165168165168,220,"5",6194,"2",0.957862447529868,11.9881031854897,4.80296939281887,-3.61873728217588,4
"268","13121011419","Fulton County",124358,0.0706200371684406,53,"3",5919,"1",0.830883595201892,11.73100019147,3.94650683697354,-2.51800806026072,3
"269","13121011421","Fulton County",50326,0.258878504672897,76.6666666666667,"3",4280,"1",0.584345794392523,10.826475805858,3.90614481235754,-1.31349565689845,3
"270","13121011422","Fulton County",70833,0.0806668459263243,225.5,"4",3795,"2",0.747826086956522,11.1682214399555,4.69214683954981,-2.40056352422763,2
"271","13121011427","Fulton County",126452,0.069163163928162,25,"2",7950,"1",0.774213836477987,11.7476971467651,3.25809653802148,-2.53624419027235,1
"272","13121011503","Fulton County",168750,0.0136865342163355,13.5,"4",11325,"2",0.788079470198676,12.0362328662383,1.99449202328214,-3.74284856884043,2
"273","13121011504","Fulton County",236149,0.0217961802011955,30.5,"4",13727,"2",0.929846288336854,12.3722605859679,3.3910960280034,-3.44840911587019,2
"274","13121011505","Fulton County",166938,0.028558373315056,31,"2",4377,"1",0.854923463559516,12.0254376656654,3.46132194573794,-3.2555819959425,2
"275","13121011506","Fulton County",165266,0.0236577181208054,16,"4",5969,"2",0.894454682526386,12.0153720827053,2.56198198970163,-3.39151288453156,2
"276","13121011610","Fulton County",114464,0.0103075363298412,139.333333333333,"5",5918,"2",0.788611017235553,11.6481030019554,4.17580364645351,-3.89676321405437,6
"277","13121011611","Fulton County",68620,0.0415130248602355,20.4285714285714,"4",8707,"1",0.636384518203744,11.1364850359027,2.6847805081128,-2.96592059338128,7
"278","13121011612","Fulton County",150901,0.0451574569221628,9,"2",3376,"1",0.713862559241706,11.9244455380567,2.30258509299405,-2.89756333077896,1
"279","13121011613","Fulton County",110066,0.105646630236794,80.5,"4",7137,"2",0.531315678856662,11.6089263152977,4.33538613967227,-2.15721602832717,2
"280","13121011614","Fulton County",74184,0.0778664590227759,37.6666666666667,"4",15411,"1",0.479462721432743,11.2144385633522,3.33391589687767,-2.43193712819492,6
"281","13121011615","Fulton County",161263,0.02202023988006,50.8,"4",10672,"2",0.749718890554723,11.9908538601454,3.67364142644233,-3.44138707987199,5
"282","13121011616","Fulton County",104176,0.0708161321054303,89.1666666666667,"4",6372,"2",0.529190207156309,11.5539330422689,3.40167137368411,-2.51557867861327,6
"283","13121011617","Fulton County",144125,0.0348334604627511,273.5,"4",7891,"2",0.705867443923457,11.8785056393795,5.41216395955443,-3.10480053301198,2
"284","13121011618","Fulton County",122857,0.0360576923076923,68,"2",4599,"1",0.564253098499674,11.7188577485141,4.23410650459726,-3.07786048771855,1
"285","13121011619","Fulton County",93750,0.0367263947134325,29.8,"3",7869,"1",0.478841021730843,11.4484936048108,2.66181505649992,-3.06344607668134,5
"286","13121011620","Fulton County",141513,0.044774650659319,36.5,"4",10206,"2",0.594944150499706,11.8602175270262,2.80624062823808,-2.90452777126044,6
"287","13121011621","Fulton County",157692,0.0869375907111756,4,"4",6962,"NaN",0.626544096523987,11.9684624551789,1.58902691517397,-2.33368790227611,2
"288","13121011622","Fulton County",149583,0.0395274875056792,99.6666666666667,"4",11005,"1",0.368014538845979,11.9156735519839,4.3436352556385,-3.00522746038619,3
"289","13121011623","Fulton County",121389,0.0124630502516577,51.1666666666667,"4",12517,"2",0.470240472956779,11.7068379203413,3.49148121262669,-3.79588353071583,6
"290","13121011625","Fulton County",122361,0.0256319811875367,83,"4",8542,"2",0.585928354015453,11.7148126928839,4.02541038532207,-3.33451169643267,6
"291","13121011626","Fulton County",102699,0.0645296459249948,36,"3",9546,"1",0.561282212445003,11.5396550259621,3.50136939180611,-2.59655830087139,3
"292","13121011900","Fulton County",25699,0.365135040336724,36.0526315789474,"4",3517,"2",0.354279215240262,10.154596404132,2.88789489568013,-0.980469210270296,19
"293","13121012300","Fulton County",52188,0.188465499485067,40,"4",2949,"NaN",0.356731095286538,10.8627994589605,3.71357206670431,-1.6171400000815,1
"294","13135050105","Gwinnett County",53785,0.169707671179125,67.5,"4",5108,"1",0.461041503523884,10.892935805028,3.69261546153329,-1.71642379729394,2
"295","13135050106","Gwinnett County",66351,0.0912732231123232,49.25,"2",11749,"1",0.620308111328624,11.1028648135097,3.54343821890839,-2.28993323522308,8
"296","13135050107","Gwinnett County",102874,0.0529896168993913,30.5,"2",8379,"2",0.718940207662012,11.5413574189645,3.20836614125616,-2.76478537729422,2
"297","13135050108","Gwinnett County",129112,0.0244678734831908,30,"2",10054,"1",0.749950268549831,11.768512972851,3.43398720448515,-3.36772759216982,1
"298","13135050109","Gwinnett County",70771,0.0962166082436843,170,"4",8273,"2",0.525927716668681,11.1673458820845,5.14166355650266,-2.24227479592602,1
"299","13135050205","Gwinnett County",67652,0.128298648358721,148.333333333333,"3",4673,"1",0.450460089878023,11.1222800014603,4.4464855542386,-1.97833981361499,3
"300","13135050208","Gwinnett County",65292,0.0643991496811304,71,"1",8013,"1",0.506302258829402,11.0867779426669,4.27666611901606,-2.59831076622547,1
"301","13135050209","Gwinnett County",53272,0.176347404386642,176.333333333333,"4",9073,"2",0.42389507329439,10.8833538420473,4.31510779050655,-1.68014258185448,6
"302","13135050210","Gwinnett County",78525,0.0683517265930936,63.5,"3",8495,"1",0.491701000588582,11.2712996642771,4.04136942411804,-2.54654727349766,6
"303","13135050211","Gwinnett County",44870,0.124910905203136,95.8181818181818,"4",5623,"1",0.264627423083763,10.7117475401966,3.74661860449307,-2.00314067987238,11
"304","13135050212","Gwinnett County",139097,0.0360473723168024,40.6666666666667,"2",13564,"2",0.745502801533471,11.8429987001536,3.53759290497313,-3.07808457943327,3
"305","13135050213","Gwinnett County",113591,0.0508922670191672,95,"4",13617,"2",0.495850774766836,11.6404475880473,3.55647346760724,-2.79864909066752,3
"306","13135050214","Gwinnett County",92990,0.0719791430514622,58,"4",8822,"2",0.471548401722965,11.4403547721354,3.90334818626059,-2.50129041710205,2
"307","13135050215","Gwinnett County",64306,0.112143102855177,170.2,"4",2907,"1",0.339869281045752,11.0715637128643,4.76947017392626,-2.1025619474229,10
"308","13135050216","Gwinnett County",83193,0.0591559566128885,42.25,"3",10971,"1",0.449731109288123,11.3290386838515,3.62702039314312,-2.6713910841201,4
"309","13135050217","Gwinnett County",91451,0.0917049215330415,37,"4",9388,"NaN",0.395504899872177,11.4236679308938,3.63758615972639,-2.28567958444323,1
"310","13135050218","Gwinnett County",68529,0.121836506159015,93,"4",4488,"1",0.441844919786096,11.1351582053017,4.54329478227,-2.02619271378639,1
"311","13135050219","Gwinnett County",67188,0.143997797356828,65.3333333333333,"4",3662,"2",0.433096668487165,11.1153987641636,3.96868493310576,-1.87081697954853,3
"312","13135050220","Gwinnett County",57845,0.121972443799855,45.6,"4",6957,"1",0.42058358487854,10.9656951593104,3.64505722111811,-2.02516213728099,5
"313","13135050306","Gwinnett County",47011,0.158614113159568,97,"3",3170,"1",0.414826498422713,10.7583495894136,3.92153200834603,-1.78014252897246,2
"314","13135050308","Gwinnett County",151875,0.0300123001230012,67.5,"3",4065,"2",0.685116851168512,11.9308789345308,4.11635300493049,-3.21856836906255,2
"315","13135050309","Gwinnett County",108786,0.0517839167878313,31.5,"4",8946,"2",0.551643192488263,11.5972298480223,3.46082909207556,-2.78411219453999,2
"316","13135050310","Gwinnett County",70102,0.0886906765398856,28.6666666666667,"2",5942,"2",0.616459104678559,11.1578492423952,3.01259036887497,-2.31576479961972,3
"317","13135050311","Gwinnett County",104302,0.0745473908413206,69.5,"3",2830,"1",0.53356890459364,11.5551416871033,3.45697833117033,-2.47044306347124,4
"318","13135050314","Gwinnett County",49054,0.156933553446141,90,"4",9711,"1",0.396148697353517,10.8008808473058,4.51085950651685,-1.79015942929809,1
"319","13135050317","Gwinnett County",41711,0.20497840995682,115,"1",3937,"1",0.280924561849124,10.6387598781467,4.75359019110636,-1.53721767470227,1
"320","13135050320","Gwinnett County",42500,0.182611672086257,2,"5",5856,"NaN",0.357069672131148,10.6574946213528,1.09861228866811,-1.647079178722,1
"321","13135050321","Gwinnett County",143875,0.0252982311805841,44,"4",4862,"1",0.858494446729741,11.8767696483873,3.80666248977032,-3.34392242449709,1
"322","13135050417","Gwinnett County",35882,0.243439986456746,74,"2",5907,"1",0.334179786693753,10.4882697084179,4.31748811353631,-1.37262822379379,1
"323","13135050418","Gwinnett County",37970,0.271336883790796,1,"1",7323,"NaN",0.285402157585689,10.5448149843663,0.693147180559945,-1.26820245302446,2
"324","13135050419","Gwinnett County",51930,0.196823379923761,46,"4",7885,"2",0.313887127457197,10.8578444852167,3.85014760171006,-1.575890087014,1
"325","13135050421","Gwinnett County",50511,0.255689424364123,21.5,"3",7470,"1",0.264123159303882,10.8301443704095,2.64482127369024,-1.32542722992865,4
"326","13135050424","Gwinnett County",47539,0.17717206132879,46.3333333333333,"2",8218,"1",0.365295692382575,10.7695160372582,3.75436806902322,-1.67572697111531,3
"327","13135050426","Gwinnett County",80320,0.12160336285843,14,"2",6661,"2",0.668067857679027,11.2938984291679,2.70805020110221,-2.02796270678193,1
"328","13135050430","Gwinnett County",72937,0.114052583862194,116,"3",5540,"1",0.505234657039711,11.1974884290477,3.42043218248846,-2.08704973986178,5
"329","13135050431","Gwinnett County",45816,0.238570038910506,7,"2",8224,"NaN",0.20318579766537,10.7326068946193,2.07944154167984,-1.39203062643442,1
"330","13135050432","Gwinnett County",61027,0.124642480806864,42,"2",6729,"1",0.439738445534255,11.0192355166509,3.76120011569356,-2.00513230378757,1
"331","13135050436","Gwinnett County",47200,0.20799073537927,53,"2",8635,"1",0.218645049218298,10.7623610135403,3.88889631316942,-1.52330271535635,2
"332","13135050511","Gwinnett County",65399,0.146013597033375,21,"3",12944,"1",0.345874536464771,11.0884151426562,2.76816201778193,-1.8578121150605,6
"333","13135050520","Gwinnett County",41512,0.223203995389935,100,"3",5390,"1",0.424675324675325,10.6339786862365,4.16163858977158,-1.45584169176262,3
"334","13135050521","Gwinnett County",58897,0.205907461157589,15.3333333333333,"3",5879,"2",0.492770879401259,10.983715208079,2.63808409291415,-1.532905383663,3
"335","13135050523","Gwinnett County",60363,0.15686030600821,17.1666666666667,"2",8125,"1",0.4384,11.0082972641122,2.36731169969492,-1.79059830758798,6
"336","13135050524","Gwinnett County",53594,0.113174695298897,28,"2",6952,"1",0.508774453394707,10.8893789711401,3.36729582998647,-2.09415164428038,1
"337","13135050525","Gwinnett County",89475,0.0664627690859899,80,"4",8523,"1",0.555438225976769,11.4018262924515,4.02076680757293,-2.57095133523063,3
"338","13135050529","Gwinnett County",67361,0.103052559100298,48.3333333333333,"4",4357,"1",0.604773927014,11.1179699372467,3.64946085289942,-2.1799024436254,3
"339","13135050533","Gwinnett County",57518,0.182967398536261,25,"4",9018,"NaN",0.2756708804613,10.9600270647823,3.25809653802148,-1.645234023847,1
"340","13135050536","Gwinnett County",57426,0.121276975209559,34.75,"3",5607,"1",0.390226502586053,10.9584265634143,3.10821638248024,-2.03044587322169,4
"341","13135050540","Gwinnett County",70506,0.126936257710761,52,"4",7295,"2",0.497601096641535,11.1635949134056,3.26798114073325,-1.98823973361093,3
"342","13135050542","Gwinnett County",52640,0.168833615978896,25.6,"3",5307,"2",0.234595816845676,10.8714215175621,2.95540479103747,-1.72129942508366,5
"343","13135050543","Gwinnett County",66901,0.0563174011449874,31,"2",7511,"1",0.382771934496072,11.1111186571143,3.46573590279973,-2.7133029555184,1
"344","13135050544","Gwinnett County",85293,0.0999620781190747,22.6666666666667,"2",13185,"1",0.430261660978385,11.3539649028496,3.03499328543945,-2.20761971699977,3
"345","13135050545","Gwinnett County",65249,0.206413210445469,203,"4",15629,"1",0.402329003775034,11.0861192467078,5.31811999384422,-1.53056568745223,1
"346","13135050547","Gwinnett County",77736,0.0604239164821259,9,"4",9483,"2",0.607297268796794,11.2612023817727,2.30258509299405,-2.65322235075338,1
"347","13135050549","Gwinnett County",80490,0.031511839708561,4,"3",5490,"NaN",0.592167577413479,11.2960124634067,1.6094379124341,-3.18177659825194,1
"348","13135050605","Gwinnett County",84466,0.0746597002612402,13.5,"2",14579,"NaN",0.663968722134577,11.3442227493343,2.39374587139102,-2.46911558439598,2
"349","13135050606","Gwinnett County",90338,0.0207239459029435,47.8571428571429,"3",26399,"1",0.642524338043108,11.4114241596381,3.0446587551875,-3.48271293158988,7
"350","13135050607","Gwinnett County",95308,0.0337637080654746,47,"3",18598,"1",0.601892676631896,11.464973949037,3.66811584991018,-3.12895038804439,5
"351","13135050609","Gwinnett County",98038,0.05111605637602,50.75,"3",14829,"1",0.714882999527952,11.4932124336602,3.88201124628478,-2.7949806588492,4
"352","13135050610","Gwinnett County",118623,0.0489836917986292,102,"2",16924,"2",0.754313401087213,11.6837899730482,4.63472898822964,-2.83049428347748,1
"353","13135050712","Gwinnett County",98886,0.0512656609562772,84.5,"3",7822,"2",0.670928151367937,11.5018240718991,4.20010491796521,-2.79253577315811,2
"354","13135050714","Gwinnett County",89444,0.102542932628798,5,"2",6070,"NaN",0.498846787479407,11.4014798056565,1.79175946922805,-2.18442050677025,1
"355","13135050715","Gwinnett County",79971,0.130639730639731,9,"4",5952,"NaN",0.601310483870968,11.2895443854484,2.30258509299405,-1.96155376029362,1
"356","13135050718","Gwinnett County",97043,0.0406209875102136,20,"2",8722,"1",0.553657418023389,11.4830125000205,2.96489008766141,-2.98338901575411,3
"357","13135050719","Gwinnett County",53875,0.11754477482177,51,"2",5751,"1",0.387063119457486,10.8946074250309,3.95124371858143,-2.05928780095848,1
"358","13135050720","Gwinnett County",70899,0.0662537807864036,48.3333333333333,"2",6948,"2",0.626367299942429,11.1691526438153,3.36335003452911,-2.57368828063988,3
"359","13135050722","Gwinnett County",64496,0.127813906953477,56,"2",3998,"1",0.330665332666333,11.0745135217133,4.04305126783455,-1.98185100420686,1
"360","13135050723","Gwinnett County",86563,0.110698824984539,3,"2",8095,"NaN",0.214453366275479,11.3687432676466,1.38629436111989,-2.114456885934,1
"361","13135050724","Gwinnett County",86588,0.0548317046688382,64,"3",18893,"1",0.457259302387128,11.3690319995956,4.06340686036306,-2.73596052569641,2
"362","13135050727","Gwinnett County",99072,0.056036866359447,20,"2",10850,"NaN",0.563963133640553,11.5037030691081,3.04452243772342,-2.71754211170038,1
"363","13135050731","Gwinnett County",65704,0.0829417969124557,49,"2",10440,"1",0.390325670498084,11.0930672715744,3.91202300542815,-2.37578182139928,1
